ENVIRONMENT,GROUPNAME,APP,OPTIONNAME
BASE,OOG_MAINTENANCE_COORDINATOR,PLUSGPR,APPROVE
BASE,OOG_MAINTENANCE_COORDINATOR,PLUSGPR,CANCEL
BASE,MAXADMIN,PLUSGPR,UNAPPROVE
BASE,MAXADMIN,PLUSGPR,COMPLETE
BASE,MAXADMIN,PLUSGPR,CANCEL
BASE,MAXADMIN,PLUSGPR,APPROVE
BASE,OOG_DEPARTMENT_LEADER,PLUSGPR,INSERT
BASE,OOG_DEPARTMENT_LEADER,PLUSGPR,SAVE
BASE,OOG_PROJECT_ENGINEER,PLUSGPR,APPROVE
BASE,OOG_PROJECT_ENGINEER,PLUSGPR,SAVE
BASE,OOG_PROJECT_ENGINEER,PLUSGPR,INSERT
BASE,OOG_ENGINEER_COORDINATOR,PLUSGPR,APPROVE
BASE,MAXADMIN,PLUSGPO,INSERT
BASE,MAXADMIN,PLUSGPO,SAVE
BASE,MAXADMIN,PLUSGPR,INSERT
BASE,MAXADMIN,PLUSGPR,SAVE
BASE,MAXADMIN,PLUSGPO,UNAPPROVE
BASE,MAXADMIN,PLUSGPO,CANCEL
BASE,MAXADMIN,PLUSGPO,APPROVE
BASE,OOG_MATERIALS_COORDINATOR,PLUSGPO,SAVE
BASE,OOG_ASSET_ENGINEER,PLUSGPR,SAVE
BASE,OOG_MAINTENANCE_COORDINATOR,PLUSGPR,SAVE
BASE,OOG_MAINTENANCE_COORDINATOR,PLUSGPR,INSERT
BASE,OOG_MATERIALS_COORDINATOR,PLUSGPR,INSERT
BASE,OOG_MATERIALS_COORDINATOR,PLUSGPR,SAVE
BASE,OOG_MATERIALS_COORDINATOR,PLUSGPR,CANCEL
BASE,OOG_ENGINEER_COORDINATOR,PLUSGPR,SAVE
BASE,OOG_ENGINEER_COORDINATOR,PLUSGPR,INSERT
BASE,OOG_QUALIFIED_PROFESSIONAL,PLUSGPR,APPROVE
BASE,OOG_QUALIFIED_PROFESSIONAL,PLUSGPR,CANCEL
BASE,OOG_QUALIFIED_PROFESSIONAL,PLUSGPR,COMPLETE
BASE,OOG_QUALIFIED_PROFESSIONAL,PLUSGPO,CANCEL
BASE,OOG_QUALIFIED_PROFESSIONAL,PLUSGPO,APPROVE
BASE,OOG_MAINTENANCE_COORDINATOR,PLUSGPO,APPROVE
BASE,OOG_MAINTENANCE_COORDINATOR,PLUSGPO,SAVE
BASE,OOG_MAINTENANCE_COORDINATOR,PLUSGPO,CANCEL
BASE,OOG_MAINTENANCE_COORDINATOR,PLUSGPR,COMPLETE
BASE,OOG_QUALIFIED_PROFESSIONAL,PLUSGPO,SAVE
BASE,OOG_QUALIFIED_PROFESSIONAL,PLUSGPR,INSERT
BASE,OOG_QUALIFIED_PROFESSIONAL,PLUSGPR,SAVE
BASE,OOG_ASSET_COORDINATOR,PLUSGPR,SAVE
BASE,OOG_ASSET_COORDINATOR,PLUSGPR,INSERT
BASE,OOG_REPAIR_RETURN,PLUSGPR,INSERT
BASE,OOG_REPAIR_RETURN,PLUSGPR,SAVE
BASE,OOG_REPAIR_RETURN,PLUSGPR,CANCEL
BASE,OOG_SUP_REPAIR_RETURN,PLUSGPR,CANCEL
BASE,OOG_ASSET_ENGINEER,PLUSGPR,CANCEL
BASE,OOG_ASSET_ENGINEER,PLUSGPR,APPROVE
BASE,OOG_SUP_REPAIR_RETURN,PLUSGPR,SAVE
BASE,OOG_SUP_REPAIR_RETURN,PLUSGPR,INSERT
BASE,OOG_ASSET_COORDINATOR,PLUSGPR,CANCEL
BASE,OOG_ASSET_COORDINATOR,PLUSGPR,APPROVE
BASE,OOG_PROJECT_ENGINEER,PLUSGPR,CANCEL
BASE,OOG_ENGINEER_COORDINATOR,PLUSGPR,CANCEL
BASE,OOG_PR_CREATOR,PLUSGPR,SAVE
BASE,OOG_PR_CREATOR,PLUSGPR,INSERT
BASE,OOG_MATERIALS_COORDINATOR_YARD,PLUSGPR,CANCEL
BASE,OOG_MATERIALS_COORDINATOR_YARD,PLUSGPO,SAVE
BASE,OOG_MATERIALS_COORDINATOR_YARD,PLUSGPR,INSERT
BASE,OOG_MATERIALS_COORDINATOR_YARD,PLUSGPR,SAVE
BASE,POL_MATERIALS_COORDINATOR,PLUSGPR,CANCEL
BASE,POL_MATERIALS_COORDINATOR,PLUSGPO,CANCEL
BASE,POL_MATERIALS_COORDINATOR,PLUSGPO,APPROVE
BASE,MAXADMIN,CREATEDR,INSERT
BASE,MAXADMIN,CREATEDR,SAVE
BASE,MAXADMIN,CREATEDR,WAPPR
BASE,MAXADMIN,CREATEDR,CANCEL
BASE,MAXADMIN,CREATEDR,APPR
BASE,OOG_DEPARTMENT_LEADER,CREATEDR,INSERT
BASE,OOG_DEPARTMENT_LEADER,CREATEDR,SAVE
BASE,OOG_DEPARTMENT_LEADER,CREATEDR,APPR
BASE,OOG_DEPARTMENT_LEADER,CREATEDR,CANCEL
BASE,OOG_DEPARTMENT_LEADER,CREATEDR,WAPPR
BASE,OOG_MATERIALS_COORDINATOR,CREATEDR,INSERT
BASE,OOG_MATERIALS_COORDINATOR,CREATEDR,SAVE
BASE,OOG_MATERIALS_COORDINATOR,CREATEDR,APPR
BASE,OOG_MATERIALS_COORDINATOR,CREATEDR,CANCEL
BASE,OOG_MATERIALS_COORDINATOR,CREATEDR,WAPPR
BASE,OOG_MATERIALS_COORDINATOR_YARD,CREATEDR,INSERT
BASE,OOG_MATERIALS_COORDINATOR_YARD,CREATEDR,SAVE
BASE,OOG_MATERIALS_COORDINATOR_YARD,CREATEDR,APPR
BASE,OOG_MATERIALS_COORDINATOR_YARD,CREATEDR,CANCEL
BASE,OOG_MATERIALS_COORDINATOR_YARD,CREATEDR,WAPPR
BASE,POL_MATERIALS_COORDINATOR,CREATEDR,WAPPR
BASE,POL_MATERIALS_COORDINATOR,CREATEDR,CANCEL
BASE,POL_MATERIALS_COORDINATOR,CREATEDR,APPR
BASE,POL_MATERIALS_COORDINATOR,PLUSGPR,SAVE
BASE,POL_MATERIALS_COORDINATOR,PLUSGPR,INSERT
BASE,POL_MATERIALS_COORDINATOR,PLUSGPO,SAVE
BASE,POL_MATERIALS_COORDINATOR,PLUSGPO,INSERT
BASE,POL_MATERIALS_COORDINATOR,CREATEDR,SAVE
BASE,POL_MATERIALS_COORDINATOR,CREATEDR,INSERT
BASE,POL_MATERIALS_COORDINATOR,PLUSGPR,COMPLETE
BASE,OOG_MATERIAL_ENGINEER,CREATEDR,INSERT
BASE,OOG_MATERIAL_ENGINEER,CREATEDR,SAVE
BASE,HTQ_MATERIALS_COORDINATOR,PLUSGPO,APPROVE
BASE,HTQ_MATERIALS_COORDINATOR,PLUSGPO,CANCEL
BASE,HTQ_MATERIALS_COORDINATOR,PLUSGPO,INSERT
BASE,HTQ_MATERIALS_COORDINATOR,CREATEDR,WAPPR
BASE,HTQ_MATERIALS_COORDINATOR,CREATEDR,CANCEL
BASE,HTQ_MATERIALS_COORDINATOR,CREATEDR,APPR
BASE,HTQ_MATERIALS_COORDINATOR,PLUSGPR,CANCEL
BASE,OOG_MAXIMO_COORDINATOR,PLUSGPR,SAVE
BASE,HTQ_MATERIALS_COORDINATOR,PLUSGPR,SAVE
BASE,HTQ_MATERIALS_COORDINATOR,PLUSGPR,INSERT
BASE,HTQ_MATERIALS_COORDINATOR,PLUSGPO,SAVE
BASE,HTQ_MATERIALS_COORDINATOR,CREATEDR,SAVE
BASE,HTQ_MATERIALS_COORDINATOR,CREATEDR,INSERT
BASE,OOG_MAXIMO_COORDINATOR,PLUSGPR,INSERT
BASE,OOG_MAXIMO_COORDINATOR,PLUSGPR,CANCEL
BASE,PRIO_MATERIALS_COORDINATOR,CREATEDR,INSERT
BASE,PRIO_MATERIALS_COORDINATOR,CREATEDR,SAVE
BASE,PRIO_MATERIALS_COORDINATOR,PLUSGPO,INSERT
BASE,PRIO_MATERIALS_COORDINATOR,PLUSGPO,SAVE
BASE,PRIO_MATERIALS_COORDINATOR,PLUSGPR,INSERT
BASE,PRIO_MATERIALS_COORDINATOR,PLUSGPR,SAVE
BASE,PRIO_MATERIALS_COORDINATOR,CREATEDR,APPR
BASE,PRIO_MATERIALS_COORDINATOR,CREATEDR,CANCEL
BASE,PRIO_MATERIALS_COORDINATOR,CREATEDR,WAPPR
BASE,PRIO_MATERIALS_COORDINATOR,PLUSGPO,APPROVE
BASE,PRIO_MATERIALS_COORDINATOR,PLUSGPO,CANCEL
BASE,PRIO_MATERIALS_COORDINATOR,PLUSGPR,CANCEL
BASE,FetchAll:,122,rows fetched.
BASE,>,,
HTQ,HTQ_MATERIALS_COORDINATOR,CREATEDR,INSERT
HTQ,HTQ_MATERIALS_COORDINATOR,CREATEDR,SAVE
HTQ,HTQ_MATERIALS_COORDINATOR,CREATEDR,APPR
HTQ,HTQ_MATERIALS_COORDINATOR,CREATEDR,CANCEL
HTQ,HTQ_MATERIALS_COORDINATOR,CREATEDR,WAPPR
HTQ,MAXADMIN,CREATEDR,INSERT
HTQ,MAXADMIN,CREATEDR,SAVE
HTQ,MAXADMIN,CREATEDR,WAPPR
HTQ,MAXADMIN,CREATEDR,CANCEL
HTQ,MAXADMIN,CREATEDR,APPR
HTQ,OOG_DEPARTMENT_LEADER,CREATEDR,INSERT
HTQ,OOG_DEPARTMENT_LEADER,CREATEDR,SAVE
HTQ,OOG_DEPARTMENT_LEADER,CREATEDR,APPR
HTQ,OOG_DEPARTMENT_LEADER,CREATEDR,WAPPR
HTQ,OOG_DEPARTMENT_LEADER,CREATEDR,CANCEL
HTQ,OOG_DEPARTMENT_TEAM,CREATEDR,INSERT
HTQ,OOG_DEPARTMENT_TEAM,CREATEDR,SAVE
HTQ,OOG_DEPARTMENT_TEAM,CREATEDR,APPR
HTQ,OOG_DEPARTMENT_TEAM,CREATEDR,CANCEL
HTQ,OOG_DEPARTMENT_TEAM,CREATEDR,WAPPR
HTQ,OOG_MAINTENANCE_COORDINATOR,CREATEDR,INSERT
HTQ,OOG_MAINTENANCE_COORDINATOR,CREATEDR,SAVE
HTQ,OOG_MAINTENANCE_COORDINATOR,CREATEDR,APPR
HTQ,OOG_MAINTENANCE_COORDINATOR,CREATEDR,CANCEL
HTQ,OOG_MAINTENANCE_COORDINATOR,CREATEDR,WAPPR
HTQ,OOG_MATERIALS_COORDINATOR,CREATEDR,INSERT
HTQ,OOG_MATERIALS_COORDINATOR,CREATEDR,SAVE
HTQ,OOG_MATERIALS_COORDINATOR,CREATEDR,APPR
HTQ,OOG_MATERIALS_COORDINATOR,CREATEDR,CANCEL
HTQ,OOG_MATERIALS_COORDINATOR,CREATEDR,WAPPR
HTQ,OOG_MATERIALS_COORDINATOR_YARD,CREATEDR,INSERT
HTQ,OOG_MATERIALS_COORDINATOR_YARD,CREATEDR,SAVE
HTQ,OOG_MATERIALS_COORDINATOR_YARD,CREATEDR,APPR
HTQ,OOG_MATERIALS_COORDINATOR_YARD,CREATEDR,CANCEL
HTQ,OOG_MATERIALS_COORDINATOR_YARD,CREATEDR,WAPPR
HTQ,PRIO_MATERIALS_COORDINATOR,CREATEDR,INSERT
HTQ,PRIO_MATERIALS_COORDINATOR,CREATEDR,SAVE
HTQ,PRIO_MATERIALS_COORDINATOR,CREATEDR,APPR
HTQ,PRIO_MATERIALS_COORDINATOR,CREATEDR,CANCEL
HTQ,PRIO_MATERIALS_COORDINATOR,CREATEDR,WAPPR
HTQ,HTQ_MATERIALS_COORDINATOR,PLUSGPO,SAVE
HTQ,HTQ_MATERIALS_COORDINATOR,PLUSGPO,INSERT
HTQ,HTQ_MATERIALS_COORDINATOR,PLUSGPO,CANCEL
HTQ,HTQ_MATERIALS_COORDINATOR,PLUSGPO,APPROVE
HTQ,MAXADMIN,PLUSGPO,INSERT
HTQ,MAXADMIN,PLUSGPO,SAVE
HTQ,MAXADMIN,PLUSGPO,UNAPPROVE
HTQ,MAXADMIN,PLUSGPO,CANCEL
HTQ,MAXADMIN,PLUSGPO,APPROVE
HTQ,OOG_MAINTENANCE_COORDINATOR,PLUSGPO,APPROVE
HTQ,OOG_MAINTENANCE_COORDINATOR,PLUSGPO,SAVE
HTQ,OOG_MAINTENANCE_COORDINATOR,PLUSGPO,CANCEL
HTQ,OOG_MATERIALS_COORDINATOR,PLUSGPO,SAVE
HTQ,OOG_MATERIALS_COORDINATOR_YARD,PLUSGPO,SAVE
HTQ,OOG_QUALIFIED_PROFESSIONAL,PLUSGPO,SAVE
HTQ,OOG_QUALIFIED_PROFESSIONAL,PLUSGPO,APPROVE
HTQ,OOG_QUALIFIED_PROFESSIONAL,PLUSGPO,CANCEL
HTQ,PRIO_MATERIALS_COORDINATOR,PLUSGPO,INSERT
HTQ,PRIO_MATERIALS_COORDINATOR,PLUSGPO,SAVE
HTQ,PRIO_MATERIALS_COORDINATOR,PLUSGPO,APPROVE
HTQ,PRIO_MATERIALS_COORDINATOR,PLUSGPO,CANCEL
HTQ,HTQ_MATERIALS_COORDINATOR,PLUSGPR,INSERT
HTQ,HTQ_MATERIALS_COORDINATOR,PLUSGPR,SAVE
HTQ,HTQ_MATERIALS_COORDINATOR,PLUSGPR,CANCEL
HTQ,MAXADMIN,PLUSGPR,INSERT
HTQ,MAXADMIN,PLUSGPR,SAVE
HTQ,MAXADMIN,PLUSGPR,UNAPPROVE
HTQ,MAXADMIN,PLUSGPR,COMPLETE
HTQ,MAXADMIN,PLUSGPR,CANCEL
HTQ,MAXADMIN,PLUSGPR,APPROVE
HTQ,OOG_ASSET_COORDINATOR,PLUSGPR,CANCEL
HTQ,OOG_ASSET_COORDINATOR,PLUSGPR,APPROVE
HTQ,OOG_ASSET_COORDINATOR,PLUSGPR,SAVE
HTQ,OOG_ASSET_COORDINATOR,PLUSGPR,INSERT
HTQ,OOG_ASSET_ENGINEER,PLUSGPR,CANCEL
HTQ,OOG_ASSET_ENGINEER,PLUSGPR,APPROVE
HTQ,OOG_DEPARTMENT_LEADER,PLUSGPR,INSERT
HTQ,OOG_DEPARTMENT_LEADER,PLUSGPR,SAVE
HTQ,OOG_ENGINEER_COORDINATOR,PLUSGPR,SAVE
HTQ,OOG_ENGINEER_COORDINATOR,PLUSGPR,INSERT
HTQ,OOG_ENGINEER_COORDINATOR,PLUSGPR,CANCEL
HTQ,OOG_ENGINEER_COORDINATOR,PLUSGPR,APPROVE
HTQ,OOG_MAINTENANCE_COORDINATOR,PLUSGPR,SAVE
HTQ,OOG_MAINTENANCE_COORDINATOR,PLUSGPR,APPROVE
HTQ,OOG_MAINTENANCE_COORDINATOR,PLUSGPR,CANCEL
HTQ,OOG_MAINTENANCE_COORDINATOR,PLUSGPR,INSERT
HTQ,OOG_MAINTENANCE_COORDINATOR,PLUSGPR,COMPLETE
HTQ,OOG_MATERIALS_COORDINATOR,PLUSGPR,INSERT
HTQ,OOG_MATERIALS_COORDINATOR,PLUSGPR,SAVE
HTQ,OOG_MATERIALS_COORDINATOR,PLUSGPR,CANCEL
HTQ,OOG_MATERIALS_COORDINATOR_YARD,PLUSGPR,INSERT
HTQ,OOG_MATERIALS_COORDINATOR_YARD,PLUSGPR,SAVE
HTQ,OOG_MATERIALS_COORDINATOR_YARD,PLUSGPR,CANCEL
HTQ,OOG_MAXIMO_COORDINATOR,PLUSGPR,CANCEL
HTQ,OOG_MAXIMO_COORDINATOR,PLUSGPR,INSERT
HTQ,OOG_MAXIMO_COORDINATOR,PLUSGPR,SAVE
HTQ,OOG_PROJECT_ENGINEER,PLUSGPR,CANCEL
HTQ,OOG_PROJECT_ENGINEER,PLUSGPR,APPROVE
HTQ,OOG_PROJECT_ENGINEER,PLUSGPR,SAVE
HTQ,OOG_PROJECT_ENGINEER,PLUSGPR,INSERT
HTQ,OOG_PR_CREATOR,PLUSGPR,SAVE
HTQ,OOG_PR_CREATOR,PLUSGPR,INSERT
HTQ,OOG_QUALIFIED_PROFESSIONAL,PLUSGPR,INSERT
HTQ,OOG_QUALIFIED_PROFESSIONAL,PLUSGPR,SAVE
HTQ,OOG_QUALIFIED_PROFESSIONAL,PLUSGPR,APPROVE
HTQ,OOG_QUALIFIED_PROFESSIONAL,PLUSGPR,CANCEL
HTQ,OOG_QUALIFIED_PROFESSIONAL,PLUSGPR,COMPLETE
HTQ,OOG_REPAIR_RETURN,PLUSGPR,CANCEL
HTQ,OOG_REPAIR_RETURN,PLUSGPR,SAVE
HTQ,OOG_REPAIR_RETURN,PLUSGPR,INSERT
HTQ,OOG_SUP_REPAIR_RETURN,PLUSGPR,CANCEL
HTQ,OOG_SUP_REPAIR_RETURN,PLUSGPR,SAVE
HTQ,OOG_SUP_REPAIR_RETURN,PLUSGPR,INSERT
HTQ,PLSV_DEPUTY_PROJECT_MANAGER,PLUSGPR,SAVE
HTQ,PRIO_MATERIALS_COORDINATOR,PLUSGPR,INSERT
HTQ,PRIO_MATERIALS_COORDINATOR,PLUSGPR,SAVE
HTQ,PRIO_MATERIALS_COORDINATOR,PLUSGPR,CANCEL
HTQ,FetchAll:,117,rows fetched.
HTQ,>,,
N06,OOG_MAINTENANCE_COORDINATOR,PLUSGPR,SAVE
N06,MAXADMIN,PLUSGPO,INSERT
N06,MAXADMIN,PLUSGPO,SAVE
N06,MAXADMIN,PLUSGPR,INSERT
N06,MAXADMIN,PLUSGPR,SAVE
N06,OOG_MATERIALS_COORDINATOR,PLUSGPO,SAVE
N06,OOG_MATERIALS_COORDINATOR,PLUSGPR,INSERT
N06,OOG_MATERIALS_COORDINATOR,PLUSGPR,SAVE
N06,OOG_MATERIALS_COORDINATOR,PLUSGPR,CANCEL
N06,OOG_MAINTENANCE_COORDINATOR,PLUSGPR,APPROVE
N06,OOG_MAINTENANCE_COORDINATOR,PLUSGPR,CANCEL
N06,OOG_MAXIMO_COORDINATOR,PLUSGPR,CANCEL
N06,OOG_MAXIMO_COORDINATOR,PLUSGPR,INSERT
N06,OOG_MAXIMO_COORDINATOR,PLUSGPR,SAVE
N06,MAXADMIN,PLUSGPR,UNAPPROVE
N06,MAXADMIN,PLUSGPR,COMPLETE
N06,MAXADMIN,PLUSGPR,CANCEL
N06,MAXADMIN,PLUSGPR,APPROVE
N06,MAXADMIN,PLUSGPO,UNAPPROVE
N06,MAXADMIN,PLUSGPO,CANCEL
N06,MAXADMIN,PLUSGPO,APPROVE
N06,OOG_MAINTENANCE_COORDINATOR,PLUSGPR,INSERT
N06,OOG_PR_CREATOR,PLUSGPR,SAVE
N06,OOG_PR_CREATOR,PLUSGPR,INSERT
N06,OOG_DEPARTMENT_LEADER,PLUSGPR,INSERT
N06,OOG_DEPARTMENT_LEADER,PLUSGPR,SAVE
N06,PLSV_DEPUTY_PROJECT_MANAGER,PLUSGPR,SAVE
N06,OOG_SUP_REPAIR_RETURN,PLUSGPR,SAVE
N06,OOG_SUP_REPAIR_RETURN,PLUSGPR,INSERT
N06,OOG_REPAIR_RETURN,PLUSGPR,CANCEL
N06,OOG_REPAIR_RETURN,PLUSGPR,SAVE
N06,OOG_REPAIR_RETURN,PLUSGPR,INSERT
N06,OOG_SUP_REPAIR_RETURN,PLUSGPR,CANCEL
N06,OOG_ASSET_COORDINATOR,PLUSGPR,CANCEL
N06,OOG_ASSET_COORDINATOR,PLUSGPR,APPROVE
N06,OOG_ASSET_COORDINATOR,PLUSGPR,SAVE
N06,OOG_ASSET_COORDINATOR,PLUSGPR,INSERT
N06,OOG_PROJECT_ENGINEER,PLUSGPR,CANCEL
N06,OOG_PROJECT_ENGINEER,PLUSGPR,APPROVE
N06,OOG_PROJECT_ENGINEER,PLUSGPR,SAVE
N06,OOG_PROJECT_ENGINEER,PLUSGPR,INSERT
N06,OOG_ENGINEER_COORDINATOR,PLUSGPR,CANCEL
N06,OOG_ENGINEER_COORDINATOR,PLUSGPR,APPROVE
N06,OOG_QUALIFIED_PROFESSIONAL,PLUSGPR,APPROVE
N06,OOG_QUALIFIED_PROFESSIONAL,PLUSGPR,CANCEL
N06,OOG_QUALIFIED_PROFESSIONAL,PLUSGPR,COMPLETE
N06,OOG_ENGINEER_COORDINATOR,PLUSGPR,SAVE
N06,OOG_ENGINEER_COORDINATOR,PLUSGPR,INSERT
N06,OOG_QUALIFIED_PROFESSIONAL,PLUSGPO,SAVE
N06,OOG_QUALIFIED_PROFESSIONAL,PLUSGPR,INSERT
N06,OOG_QUALIFIED_PROFESSIONAL,PLUSGPR,SAVE
N06,OOG_ASSET_ENGINEER,PLUSGPR,CANCEL
N06,OOG_ASSET_ENGINEER,PLUSGPR,APPROVE
N06,OOG_MATERIALS_COORDINATOR_YARD,PLUSGPO,SAVE
N06,OOG_MATERIALS_COORDINATOR_YARD,PLUSGPR,INSERT
N06,OOG_MATERIALS_COORDINATOR_YARD,PLUSGPR,SAVE
N06,OOG_QUALIFIED_PROFESSIONAL,PLUSGPO,APPROVE
N06,OOG_QUALIFIED_PROFESSIONAL,PLUSGPO,CANCEL
N06,OOG_MATERIALS_COORDINATOR_YARD,PLUSGPR,CANCEL
N06,MAXADMIN,CREATEDR,SAVE
N06,MAXADMIN,CREATEDR,WAPPR
N06,MAXADMIN,CREATEDR,CANCEL
N06,MAXADMIN,CREATEDR,APPR
N06,MAXADMIN,CREATEDR,INSERT
N06,OOG_DEPARTMENT_LEADER,CREATEDR,INSERT
N06,OOG_DEPARTMENT_LEADER,CREATEDR,SAVE
N06,OOG_DEPARTMENT_LEADER,CREATEDR,APPR
N06,OOG_DEPARTMENT_LEADER,CREATEDR,CANCEL
N06,OOG_DEPARTMENT_LEADER,CREATEDR,WAPPR
N06,OOG_MATERIALS_COORDINATOR,CREATEDR,INSERT
N06,OOG_MATERIALS_COORDINATOR,CREATEDR,SAVE
N06,OOG_MATERIALS_COORDINATOR,CREATEDR,APPR
N06,OOG_MATERIALS_COORDINATOR,CREATEDR,CANCEL
N06,OOG_MATERIALS_COORDINATOR,CREATEDR,WAPPR
N06,OOG_MATERIALS_COORDINATOR_YARD,CREATEDR,INSERT
N06,OOG_MATERIALS_COORDINATOR_YARD,CREATEDR,SAVE
N06,OOG_MATERIALS_COORDINATOR_YARD,CREATEDR,APPR
N06,OOG_MATERIALS_COORDINATOR_YARD,CREATEDR,CANCEL
N06,OOG_MATERIALS_COORDINATOR_YARD,CREATEDR,WAPPR
N06,OOG_MAINTENANCE_COORDINATOR,PLUSGPO,APPROVE
N06,OOG_MAINTENANCE_COORDINATOR,PLUSGPO,SAVE
N06,OOG_MAINTENANCE_COORDINATOR,PLUSGPO,CANCEL
N06,OOG_MAINTENANCE_COORDINATOR,PLUSGPR,COMPLETE
N06,HTQ_MATERIALS_COORDINATOR,PLUSGPO,APPROVE
N06,HTQ_MATERIALS_COORDINATOR,PLUSGPO,CANCEL
N06,HTQ_MATERIALS_COORDINATOR,PLUSGPO,INSERT
N06,HTQ_MATERIALS_COORDINATOR,CREATEDR,WAPPR
N06,HTQ_MATERIALS_COORDINATOR,CREATEDR,CANCEL
N06,HTQ_MATERIALS_COORDINATOR,CREATEDR,APPR
N06,HTQ_MATERIALS_COORDINATOR,PLUSGPR,CANCEL
N06,HTQ_MATERIALS_COORDINATOR,PLUSGPR,SAVE
N06,HTQ_MATERIALS_COORDINATOR,PLUSGPR,INSERT
N06,HTQ_MATERIALS_COORDINATOR,PLUSGPO,SAVE
N06,HTQ_MATERIALS_COORDINATOR,CREATEDR,SAVE
N06,HTQ_MATERIALS_COORDINATOR,CREATEDR,INSERT
N06,FetchAll:,95,rows fetched.
N06,>,,
N08,HTQ_MATERIALS_COORDINATOR,CREATEDR,WAPPR
N08,HTQ_MATERIALS_COORDINATOR,CREATEDR,CANCEL
N08,HTQ_MATERIALS_COORDINATOR,CREATEDR,APPR
N08,HTQ_MATERIALS_COORDINATOR,CREATEDR,SAVE
N08,HTQ_MATERIALS_COORDINATOR,CREATEDR,INSERT
N08,MAXADMIN,CREATEDR,INSERT
N08,MAXADMIN,CREATEDR,SAVE
N08,MAXADMIN,CREATEDR,WAPPR
N08,MAXADMIN,CREATEDR,CANCEL
N08,MAXADMIN,CREATEDR,APPR
N08,OOG_DEPARTMENT_LEADER,CREATEDR,WAPPR
N08,OOG_DEPARTMENT_LEADER,CREATEDR,CANCEL
N08,OOG_DEPARTMENT_LEADER,CREATEDR,INSERT
N08,OOG_DEPARTMENT_LEADER,CREATEDR,SAVE
N08,OOG_DEPARTMENT_LEADER,CREATEDR,APPR
N08,OOG_DEPARTMENT_TEAM,CREATEDR,INSERT
N08,OOG_DEPARTMENT_TEAM,CREATEDR,SAVE
N08,OOG_DEPARTMENT_TEAM,CREATEDR,APPR
N08,OOG_DEPARTMENT_TEAM,CREATEDR,CANCEL
N08,OOG_DEPARTMENT_TEAM,CREATEDR,WAPPR
N08,OOG_MAINTENANCE_COORDINATOR,CREATEDR,INSERT
N08,OOG_MAINTENANCE_COORDINATOR,CREATEDR,SAVE
N08,OOG_MAINTENANCE_COORDINATOR,CREATEDR,APPR
N08,OOG_MAINTENANCE_COORDINATOR,CREATEDR,CANCEL
N08,OOG_MAINTENANCE_COORDINATOR,CREATEDR,WAPPR
N08,OOG_MATERIALS_COORDINATOR,CREATEDR,INSERT
N08,OOG_MATERIALS_COORDINATOR,CREATEDR,SAVE
N08,OOG_MATERIALS_COORDINATOR,CREATEDR,APPR
N08,OOG_MATERIALS_COORDINATOR,CREATEDR,CANCEL
N08,OOG_MATERIALS_COORDINATOR,CREATEDR,WAPPR
N08,OOG_MATERIALS_COORDINATOR_YARD,CREATEDR,INSERT
N08,OOG_MATERIALS_COORDINATOR_YARD,CREATEDR,SAVE
N08,OOG_MATERIALS_COORDINATOR_YARD,CREATEDR,APPR
N08,OOG_MATERIALS_COORDINATOR_YARD,CREATEDR,CANCEL
N08,OOG_MATERIALS_COORDINATOR_YARD,CREATEDR,WAPPR
N08,HTQ_MATERIALS_COORDINATOR,PLUSGPO,APPROVE
N08,HTQ_MATERIALS_COORDINATOR,PLUSGPO,CANCEL
N08,HTQ_MATERIALS_COORDINATOR,PLUSGPO,INSERT
N08,HTQ_MATERIALS_COORDINATOR,PLUSGPO,SAVE
N08,MAXADMIN,PLUSGPO,INSERT
N08,MAXADMIN,PLUSGPO,SAVE
N08,MAXADMIN,PLUSGPO,UNAPPROVE
N08,MAXADMIN,PLUSGPO,CANCEL
N08,MAXADMIN,PLUSGPO,APPROVE
N08,OOG_MAINTENANCE_COORDINATOR,PLUSGPO,APPROVE
N08,OOG_MAINTENANCE_COORDINATOR,PLUSGPO,SAVE
N08,OOG_MAINTENANCE_COORDINATOR,PLUSGPO,CANCEL
N08,OOG_MATERIALS_COORDINATOR,PLUSGPO,SAVE
N08,OOG_MATERIALS_COORDINATOR_YARD,PLUSGPO,SAVE
N08,OOG_QUALIFIED_PROFESSIONAL,PLUSGPO,SAVE
N08,OOG_QUALIFIED_PROFESSIONAL,PLUSGPO,APPROVE
N08,OOG_QUALIFIED_PROFESSIONAL,PLUSGPO,CANCEL
N08,HTQ_MATERIALS_COORDINATOR,PLUSGPR,CANCEL
N08,HTQ_MATERIALS_COORDINATOR,PLUSGPR,SAVE
N08,HTQ_MATERIALS_COORDINATOR,PLUSGPR,INSERT
N08,MAXADMIN,PLUSGPR,INSERT
N08,MAXADMIN,PLUSGPR,SAVE
N08,MAXADMIN,PLUSGPR,UNAPPROVE
N08,MAXADMIN,PLUSGPR,COMPLETE
N08,MAXADMIN,PLUSGPR,CANCEL
N08,MAXADMIN,PLUSGPR,APPROVE
N08,OOG_ASSET_COORDINATOR,PLUSGPR,CANCEL
N08,OOG_ASSET_COORDINATOR,PLUSGPR,APPROVE
N08,OOG_ASSET_COORDINATOR,PLUSGPR,SAVE
N08,OOG_ASSET_COORDINATOR,PLUSGPR,INSERT
N08,OOG_ASSET_ENGINEER,PLUSGPR,CANCEL
N08,OOG_ASSET_ENGINEER,PLUSGPR,APPROVE
N08,OOG_DEPARTMENT_LEADER,PLUSGPR,INSERT
N08,OOG_DEPARTMENT_LEADER,PLUSGPR,SAVE
N08,OOG_ENGINEER_COORDINATOR,PLUSGPR,SAVE
N08,OOG_ENGINEER_COORDINATOR,PLUSGPR,INSERT
N08,OOG_ENGINEER_COORDINATOR,PLUSGPR,CANCEL
N08,OOG_ENGINEER_COORDINATOR,PLUSGPR,APPROVE
N08,OOG_MAINTENANCE_COORDINATOR,PLUSGPR,APPROVE
N08,OOG_MAINTENANCE_COORDINATOR,PLUSGPR,CANCEL
N08,OOG_MAINTENANCE_COORDINATOR,PLUSGPR,COMPLETE
N08,OOG_MAINTENANCE_COORDINATOR,PLUSGPR,INSERT
N08,OOG_MAINTENANCE_COORDINATOR,PLUSGPR,SAVE
N08,OOG_MATERIALS_COORDINATOR,PLUSGPR,INSERT
N08,OOG_MATERIALS_COORDINATOR,PLUSGPR,SAVE
N08,OOG_MATERIALS_COORDINATOR,PLUSGPR,CANCEL
N08,OOG_MATERIALS_COORDINATOR_YARD,PLUSGPR,INSERT
N08,OOG_MATERIALS_COORDINATOR_YARD,PLUSGPR,SAVE
N08,OOG_MATERIALS_COORDINATOR_YARD,PLUSGPR,CANCEL
N08,OOG_MAXIMO_COORDINATOR,PLUSGPR,CANCEL
N08,OOG_MAXIMO_COORDINATOR,PLUSGPR,INSERT
N08,OOG_MAXIMO_COORDINATOR,PLUSGPR,SAVE
N08,OOG_PROJECT_ENGINEER,PLUSGPR,CANCEL
N08,OOG_PROJECT_ENGINEER,PLUSGPR,APPROVE
N08,OOG_PROJECT_ENGINEER,PLUSGPR,SAVE
N08,OOG_PROJECT_ENGINEER,PLUSGPR,INSERT
N08,OOG_PR_CREATOR,PLUSGPR,SAVE
N08,OOG_PR_CREATOR,PLUSGPR,INSERT
N08,OOG_QUALIFIED_PROFESSIONAL,PLUSGPR,INSERT
N08,OOG_QUALIFIED_PROFESSIONAL,PLUSGPR,SAVE
N08,OOG_QUALIFIED_PROFESSIONAL,PLUSGPR,APPROVE
N08,OOG_QUALIFIED_PROFESSIONAL,PLUSGPR,CANCEL
N08,OOG_QUALIFIED_PROFESSIONAL,PLUSGPR,COMPLETE
N08,OOG_REPAIR_RETURN,PLUSGPR,CANCEL
N08,OOG_REPAIR_RETURN,PLUSGPR,SAVE
N08,OOG_REPAIR_RETURN,PLUSGPR,INSERT
N08,OOG_SUP_REPAIR_RETURN,PLUSGPR,CANCEL
N08,OOG_SUP_REPAIR_RETURN,PLUSGPR,SAVE
N08,OOG_SUP_REPAIR_RETURN,PLUSGPR,INSERT
N08,PLSV_DEPUTY_PROJECT_MANAGER,PLUSGPR,SAVE
N08,FetchAll:,105,rows fetched.
N08,>,,
N09,OOG_MAINTENANCE_COORDINATOR,PLUSGPR,SAVE
N09,MAXADMIN,PLUSGPO,INSERT
N09,MAXADMIN,PLUSGPO,SAVE
N09,MAXADMIN,PLUSGPR,INSERT
N09,MAXADMIN,PLUSGPR,SAVE
N09,OOG_MATERIALS_COORDINATOR,PLUSGPO,SAVE
N09,OOG_MATERIALS_COORDINATOR,PLUSGPR,INSERT
N09,OOG_MATERIALS_COORDINATOR,PLUSGPR,SAVE
N09,OOG_MATERIALS_COORDINATOR,PLUSGPR,CANCEL
N09,OOG_MAINTENANCE_COORDINATOR,PLUSGPR,APPROVE
N09,OOG_MAINTENANCE_COORDINATOR,PLUSGPR,CANCEL
N09,OOG_MAXIMO_COORDINATOR,PLUSGPR,CANCEL
N09,OOG_MAXIMO_COORDINATOR,PLUSGPR,INSERT
N09,OOG_MAXIMO_COORDINATOR,PLUSGPR,SAVE
N09,MAXADMIN,PLUSGPR,UNAPPROVE
N09,MAXADMIN,PLUSGPR,COMPLETE
N09,MAXADMIN,PLUSGPR,CANCEL
N09,MAXADMIN,PLUSGPR,APPROVE
N09,MAXADMIN,PLUSGPO,UNAPPROVE
N09,MAXADMIN,PLUSGPO,CANCEL
N09,MAXADMIN,PLUSGPO,APPROVE
N09,OOG_MAINTENANCE_COORDINATOR,PLUSGPR,INSERT
N09,OOG_PR_CREATOR,PLUSGPR,SAVE
N09,OOG_PR_CREATOR,PLUSGPR,INSERT
N09,OOG_DEPARTMENT_LEADER,PLUSGPR,INSERT
N09,OOG_DEPARTMENT_LEADER,PLUSGPR,SAVE
N09,PLSV_DEPUTY_PROJECT_MANAGER,PLUSGPR,SAVE
N09,OOG_SUP_REPAIR_RETURN,PLUSGPR,SAVE
N09,OOG_SUP_REPAIR_RETURN,PLUSGPR,INSERT
N09,OOG_REPAIR_RETURN,PLUSGPR,CANCEL
N09,OOG_REPAIR_RETURN,PLUSGPR,SAVE
N09,OOG_REPAIR_RETURN,PLUSGPR,INSERT
N09,OOG_SUP_REPAIR_RETURN,PLUSGPR,CANCEL
N09,OOG_ENGINEER_COORDINATOR,PLUSGPR,SAVE
N09,OOG_ENGINEER_COORDINATOR,PLUSGPR,INSERT
N09,OOG_ASSET_COORDINATOR,PLUSGPR,CANCEL
N09,OOG_ASSET_COORDINATOR,PLUSGPR,APPROVE
N09,OOG_ASSET_COORDINATOR,PLUSGPR,SAVE
N09,OOG_ASSET_COORDINATOR,PLUSGPR,INSERT
N09,OOG_ENGINEER_COORDINATOR,PLUSGPR,CANCEL
N09,OOG_ENGINEER_COORDINATOR,PLUSGPR,APPROVE
N09,OOG_PROJECT_ENGINEER,PLUSGPR,CANCEL
N09,OOG_PROJECT_ENGINEER,PLUSGPR,APPROVE
N09,OOG_PROJECT_ENGINEER,PLUSGPR,SAVE
N09,OOG_PROJECT_ENGINEER,PLUSGPR,INSERT
N09,OOG_ASSET_ENGINEER,PLUSGPR,CANCEL
N09,OOG_ASSET_ENGINEER,PLUSGPR,APPROVE
N09,OOG_ASSET_ENGINEER,PLUSGPR,SAVE
N09,OOG_QUALIFIED_PROFESSIONAL,PLUSGPR,APPROVE
N09,OOG_QUALIFIED_PROFESSIONAL,PLUSGPR,CANCEL
N09,OOG_QUALIFIED_PROFESSIONAL,PLUSGPR,COMPLETE
N09,OOG_QUALIFIED_PROFESSIONAL,PLUSGPO,APPROVE
N09,OOG_QUALIFIED_PROFESSIONAL,PLUSGPO,CANCEL
N09,OOG_DEPARTMENT_LEADER,CREATEDR,CANCEL
N09,OOG_DEPARTMENT_LEADER,CREATEDR,INSERT
N09,OOG_DEPARTMENT_LEADER,CREATEDR,SAVE
N09,OOG_DEPARTMENT_LEADER,CREATEDR,APPR
N09,OOG_DEPARTMENT_LEADER,CREATEDR,WAPPR
N09,OOG_MATERIALS_COORDINATOR,CREATEDR,INSERT
N09,OOG_MATERIALS_COORDINATOR,CREATEDR,SAVE
N09,OOG_MATERIALS_COORDINATOR,CREATEDR,APPR
N09,OOG_MATERIALS_COORDINATOR,CREATEDR,CANCEL
N09,OOG_MATERIALS_COORDINATOR,CREATEDR,WAPPR
N09,OOG_MATERIALS_COORDINATOR_YARD,CREATEDR,INSERT
N09,OOG_MATERIALS_COORDINATOR_YARD,CREATEDR,SAVE
N09,OOG_MATERIALS_COORDINATOR_YARD,CREATEDR,APPR
N09,OOG_MATERIALS_COORDINATOR_YARD,CREATEDR,CANCEL
N09,OOG_MATERIALS_COORDINATOR_YARD,CREATEDR,WAPPR
N09,MAXADMIN,CREATEDR,INSERT
N09,MAXADMIN,CREATEDR,SAVE
N09,MAXADMIN,CREATEDR,WAPPR
N09,MAXADMIN,CREATEDR,CANCEL
N09,MAXADMIN,CREATEDR,APPR
N09,OOG_MATERIALS_COORDINATOR_YARD,PLUSGPO,SAVE
N09,OOG_MATERIALS_COORDINATOR_YARD,PLUSGPR,INSERT
N09,OOG_MATERIALS_COORDINATOR_YARD,PLUSGPR,SAVE
N09,OOG_MAINTENANCE_COORDINATOR,PLUSGPO,APPROVE
N09,OOG_MAINTENANCE_COORDINATOR,PLUSGPO,SAVE
N09,OOG_MAINTENANCE_COORDINATOR,PLUSGPO,CANCEL
N09,OOG_QUALIFIED_PROFESSIONAL,PLUSGPO,SAVE
N09,OOG_QUALIFIED_PROFESSIONAL,PLUSGPR,INSERT
N09,OOG_QUALIFIED_PROFESSIONAL,PLUSGPR,SAVE
N09,OOG_MATERIALS_COORDINATOR_YARD,PLUSGPR,CANCEL
N09,OOG_MAINTENANCE_COORDINATOR,PLUSGPR,COMPLETE
N09,HTQ_MATERIALS_COORDINATOR,CREATEDR,WAPPR
N09,HTQ_MATERIALS_COORDINATOR,CREATEDR,CANCEL
N09,HTQ_MATERIALS_COORDINATOR,CREATEDR,APPR
N09,HTQ_MATERIALS_COORDINATOR,PLUSGPR,CANCEL
N09,HTQ_MATERIALS_COORDINATOR,PLUSGPR,SAVE
N09,HTQ_MATERIALS_COORDINATOR,PLUSGPR,INSERT
N09,HTQ_MATERIALS_COORDINATOR,PLUSGPO,SAVE
N09,HTQ_MATERIALS_COORDINATOR,CREATEDR,SAVE
N09,HTQ_MATERIALS_COORDINATOR,CREATEDR,INSERT
N09,HTQ_MATERIALS_COORDINATOR,PLUSGPO,APPROVE
N09,HTQ_MATERIALS_COORDINATOR,PLUSGPO,CANCEL
N09,HTQ_MATERIALS_COORDINATOR,PLUSGPO,INSERT
N09,FetchAll:,96,rows fetched.
N09,>,,
ODN1,OOG_MAINTENANCE_COORDINATOR,PLUSGPR,SAVE
ODN1,MAXADMIN,PLUSGPO,INSERT
ODN1,MAXADMIN,PLUSGPO,SAVE
ODN1,MAXADMIN,PLUSGPR,INSERT
ODN1,MAXADMIN,PLUSGPR,SAVE
ODN1,OOG_MATERIALS_COORDINATOR,PLUSGPO,SAVE
ODN1,OOG_MATERIALS_COORDINATOR,PLUSGPR,INSERT
ODN1,OOG_MATERIALS_COORDINATOR,PLUSGPR,SAVE
ODN1,OOG_MATERIALS_COORDINATOR,PLUSGPR,CANCEL
ODN1,OOG_MAINTENANCE_COORDINATOR,PLUSGPR,APPROVE
ODN1,OOG_MAINTENANCE_COORDINATOR,PLUSGPR,CANCEL
ODN1,OOG_MAXIMO_COORDINATOR,PLUSGPR,CANCEL
ODN1,OOG_MAXIMO_COORDINATOR,PLUSGPR,INSERT
ODN1,OOG_MAXIMO_COORDINATOR,PLUSGPR,SAVE
ODN1,MAXADMIN,PLUSGPR,UNAPPROVE
ODN1,MAXADMIN,PLUSGPR,COMPLETE
ODN1,MAXADMIN,PLUSGPR,CANCEL
ODN1,MAXADMIN,PLUSGPR,APPROVE
ODN1,MAXADMIN,PLUSGPO,UNAPPROVE
ODN1,MAXADMIN,PLUSGPO,CANCEL
ODN1,MAXADMIN,PLUSGPO,APPROVE
ODN1,OOG_MAINTENANCE_COORDINATOR,PLUSGPR,INSERT
ODN1,OOG_PR_CREATOR,PLUSGPR,SAVE
ODN1,OOG_PR_CREATOR,PLUSGPR,INSERT
ODN1,OOG_DEPARTMENT_LEADER,PLUSGPR,INSERT
ODN1,OOG_DEPARTMENT_LEADER,PLUSGPR,SAVE
ODN1,PLSV_DEPUTY_PROJECT_MANAGER,PLUSGPR,SAVE
ODN1,OOG_SUP_REPAIR_RETURN,PLUSGPR,CANCEL
ODN1,OOG_SUP_REPAIR_RETURN,PLUSGPR,SAVE
ODN1,OOG_SUP_REPAIR_RETURN,PLUSGPR,INSERT
ODN1,OOG_REPAIR_RETURN,PLUSGPR,CANCEL
ODN1,OOG_REPAIR_RETURN,PLUSGPR,SAVE
ODN1,OOG_REPAIR_RETURN,PLUSGPR,INSERT
ODN1,OOG_ASSET_COORDINATOR,PLUSGPR,CANCEL
ODN1,OOG_ASSET_COORDINATOR,PLUSGPR,APPROVE
ODN1,OOG_ASSET_COORDINATOR,PLUSGPR,SAVE
ODN1,OOG_ASSET_COORDINATOR,PLUSGPR,INSERT
ODN1,OOG_ENGINEER_COORDINATOR,PLUSGPR,CANCEL
ODN1,OOG_ENGINEER_COORDINATOR,PLUSGPR,APPROVE
ODN1,OOG_PROJECT_ENGINEER,PLUSGPR,CANCEL
ODN1,OOG_PROJECT_ENGINEER,PLUSGPR,APPROVE
ODN1,OOG_ENGINEER_COORDINATOR,PLUSGPR,SAVE
ODN1,OOG_ENGINEER_COORDINATOR,PLUSGPR,INSERT
ODN1,OOG_PROJECT_ENGINEER,PLUSGPR,SAVE
ODN1,OOG_PROJECT_ENGINEER,PLUSGPR,INSERT
ODN1,OOG_ASSET_ENGINEER,PLUSGPR,CANCEL
ODN1,OOG_ASSET_ENGINEER,PLUSGPR,APPROVE
ODN1,OOG_MATERIALS_COORDINATOR_YARD,PLUSGPO,SAVE
ODN1,OOG_MATERIALS_COORDINATOR_YARD,PLUSGPR,INSERT
ODN1,OOG_MATERIALS_COORDINATOR_YARD,PLUSGPR,SAVE
ODN1,OOG_MATERIALS_COORDINATOR_YARD,PLUSGPR,CANCEL
ODN1,OOG_QUALIFIED_PROFESSIONAL,PLUSGPO,SAVE
ODN1,OOG_QUALIFIED_PROFESSIONAL,PLUSGPR,INSERT
ODN1,OOG_QUALIFIED_PROFESSIONAL,PLUSGPR,SAVE
ODN1,OOG_QUALIFIED_PROFESSIONAL,PLUSGPR,APPROVE
ODN1,OOG_QUALIFIED_PROFESSIONAL,PLUSGPR,CANCEL
ODN1,OOG_QUALIFIED_PROFESSIONAL,PLUSGPR,COMPLETE
ODN1,OOG_MAINTENANCE_COORDINATOR,PLUSGPO,APPROVE
ODN1,OOG_MAINTENANCE_COORDINATOR,PLUSGPO,SAVE
ODN1,OOG_MAINTENANCE_COORDINATOR,PLUSGPO,CANCEL
ODN1,OOG_MAINTENANCE_COORDINATOR,PLUSGPR,COMPLETE
ODN1,MAXADMIN,CREATEDR,INSERT
ODN1,MAXADMIN,CREATEDR,SAVE
ODN1,MAXADMIN,CREATEDR,WAPPR
ODN1,OOG_QUALIFIED_PROFESSIONAL,PLUSGPO,APPROVE
ODN1,OOG_QUALIFIED_PROFESSIONAL,PLUSGPO,CANCEL
ODN1,MAXADMIN,CREATEDR,CANCEL
ODN1,MAXADMIN,CREATEDR,APPR
ODN1,OOG_DEPARTMENT_LEADER,CREATEDR,INSERT
ODN1,OOG_DEPARTMENT_LEADER,CREATEDR,SAVE
ODN1,OOG_DEPARTMENT_LEADER,CREATEDR,APPR
ODN1,OOG_DEPARTMENT_LEADER,CREATEDR,CANCEL
ODN1,OOG_DEPARTMENT_LEADER,CREATEDR,WAPPR
ODN1,OOG_MATERIALS_COORDINATOR,CREATEDR,INSERT
ODN1,OOG_MATERIALS_COORDINATOR,CREATEDR,SAVE
ODN1,OOG_MATERIALS_COORDINATOR,CREATEDR,APPR
ODN1,OOG_MATERIALS_COORDINATOR,CREATEDR,CANCEL
ODN1,OOG_MATERIALS_COORDINATOR,CREATEDR,WAPPR
ODN1,OOG_MATERIALS_COORDINATOR_YARD,CREATEDR,INSERT
ODN1,OOG_MATERIALS_COORDINATOR_YARD,CREATEDR,SAVE
ODN1,OOG_MATERIALS_COORDINATOR_YARD,CREATEDR,APPR
ODN1,OOG_MATERIALS_COORDINATOR_YARD,CREATEDR,CANCEL
ODN1,OOG_MATERIALS_COORDINATOR_YARD,CREATEDR,WAPPR
ODN1,HTQ_MATERIALS_COORDINATOR,PLUSGPR,SAVE
ODN1,HTQ_MATERIALS_COORDINATOR,PLUSGPR,INSERT
ODN1,HTQ_MATERIALS_COORDINATOR,PLUSGPO,SAVE
ODN1,HTQ_MATERIALS_COORDINATOR,CREATEDR,SAVE
ODN1,HTQ_MATERIALS_COORDINATOR,CREATEDR,INSERT
ODN1,HTQ_MATERIALS_COORDINATOR,PLUSGPO,APPROVE
ODN1,HTQ_MATERIALS_COORDINATOR,PLUSGPO,CANCEL
ODN1,HTQ_MATERIALS_COORDINATOR,PLUSGPO,INSERT
ODN1,HTQ_MATERIALS_COORDINATOR,CREATEDR,WAPPR
ODN1,HTQ_MATERIALS_COORDINATOR,CREATEDR,CANCEL
ODN1,HTQ_MATERIALS_COORDINATOR,CREATEDR,APPR
ODN1,HTQ_MATERIALS_COORDINATOR,PLUSGPR,CANCEL
ODN1,OOG_SQP_OPENERS,PLUSGPR,INSERT
ODN1,OOG_SQP_OPENERS,PLUSGPR,SAVE
ODN1,FetchAll:,97,rows fetched.
ODN1,>,,
ODN2,OOG_MAINTENANCE_COORDINATOR,PLUSGPR,SAVE
ODN2,MAXADMIN,PLUSGPO,INSERT
ODN2,MAXADMIN,PLUSGPO,SAVE
ODN2,MAXADMIN,PLUSGPR,INSERT
ODN2,MAXADMIN,PLUSGPR,SAVE
ODN2,OOG_MATERIALS_COORDINATOR,PLUSGPO,SAVE
ODN2,OOG_MATERIALS_COORDINATOR,PLUSGPR,INSERT
ODN2,OOG_MATERIALS_COORDINATOR,PLUSGPR,SAVE
ODN2,OOG_MATERIALS_COORDINATOR,PLUSGPR,CANCEL
ODN2,OOG_MAINTENANCE_COORDINATOR,PLUSGPR,APPROVE
ODN2,OOG_MAINTENANCE_COORDINATOR,PLUSGPR,CANCEL
ODN2,OOG_MAXIMO_COORDINATOR,PLUSGPR,CANCEL
ODN2,OOG_MAXIMO_COORDINATOR,PLUSGPR,INSERT
ODN2,OOG_MAXIMO_COORDINATOR,PLUSGPR,SAVE
ODN2,MAXADMIN,PLUSGPR,UNAPPROVE
ODN2,MAXADMIN,PLUSGPR,COMPLETE
ODN2,MAXADMIN,PLUSGPR,CANCEL
ODN2,MAXADMIN,PLUSGPR,APPROVE
ODN2,MAXADMIN,PLUSGPO,UNAPPROVE
ODN2,MAXADMIN,PLUSGPO,CANCEL
ODN2,MAXADMIN,PLUSGPO,APPROVE
ODN2,OOG_MAINTENANCE_COORDINATOR,PLUSGPR,INSERT
ODN2,OOG_PR_CREATOR,PLUSGPR,SAVE
ODN2,OOG_PR_CREATOR,PLUSGPR,INSERT
ODN2,OOG_DEPARTMENT_LEADER,PLUSGPR,INSERT
ODN2,OOG_DEPARTMENT_LEADER,PLUSGPR,SAVE
ODN2,PLSV_DEPUTY_PROJECT_MANAGER,PLUSGPR,SAVE
ODN2,OOG_SUP_REPAIR_RETURN,PLUSGPR,CANCEL
ODN2,OOG_SUP_REPAIR_RETURN,PLUSGPR,SAVE
ODN2,OOG_SUP_REPAIR_RETURN,PLUSGPR,INSERT
ODN2,OOG_REPAIR_RETURN,PLUSGPR,CANCEL
ODN2,OOG_REPAIR_RETURN,PLUSGPR,SAVE
ODN2,OOG_REPAIR_RETURN,PLUSGPR,INSERT
ODN2,OOG_ENGINEER_COORDINATOR,PLUSGPR,SAVE
ODN2,OOG_ENGINEER_COORDINATOR,PLUSGPR,INSERT
ODN2,OOG_MAINTENANCE_COORDINATOR,PLUSGPO,APPROVE
ODN2,OOG_MAINTENANCE_COORDINATOR,PLUSGPO,SAVE
ODN2,OOG_MAINTENANCE_COORDINATOR,PLUSGPO,CANCEL
ODN2,OOG_MAINTENANCE_COORDINATOR,PLUSGPR,COMPLETE
ODN2,OOG_PROJECT_ENGINEER,PLUSGPR,CANCEL
ODN2,OOG_PROJECT_ENGINEER,PLUSGPR,APPROVE
ODN2,OOG_PROJECT_ENGINEER,PLUSGPR,SAVE
ODN2,OOG_PROJECT_ENGINEER,PLUSGPR,INSERT
ODN2,OOG_ASSET_COORDINATOR,PLUSGPR,CANCEL
ODN2,OOG_ASSET_COORDINATOR,PLUSGPR,APPROVE
ODN2,OOG_ASSET_ENGINEER,PLUSGPR,CANCEL
ODN2,OOG_ASSET_ENGINEER,PLUSGPR,APPROVE
ODN2,OOG_ASSET_COORDINATOR,PLUSGPR,SAVE
ODN2,OOG_ASSET_COORDINATOR,PLUSGPR,INSERT
ODN2,OOG_ENGINEER_COORDINATOR,PLUSGPR,CANCEL
ODN2,OOG_ENGINEER_COORDINATOR,PLUSGPR,APPROVE
ODN2,OOG_MATERIALS_COORDINATOR_YARD,PLUSGPR,CANCEL
ODN2,MAXADMIN,CREATEDR,INSERT
ODN2,MAXADMIN,CREATEDR,SAVE
ODN2,MAXADMIN,CREATEDR,WAPPR
ODN2,MAXADMIN,CREATEDR,CANCEL
ODN2,MAXADMIN,CREATEDR,APPR
ODN2,OOG_DEPARTMENT_LEADER,CREATEDR,INSERT
ODN2,OOG_DEPARTMENT_LEADER,CREATEDR,SAVE
ODN2,OOG_DEPARTMENT_LEADER,CREATEDR,APPR
ODN2,OOG_DEPARTMENT_LEADER,CREATEDR,CANCEL
ODN2,OOG_DEPARTMENT_LEADER,CREATEDR,WAPPR
ODN2,OOG_MATERIALS_COORDINATOR,CREATEDR,INSERT
ODN2,OOG_MATERIALS_COORDINATOR,CREATEDR,SAVE
ODN2,OOG_MATERIALS_COORDINATOR,CREATEDR,APPR
ODN2,OOG_MATERIALS_COORDINATOR,CREATEDR,CANCEL
ODN2,OOG_MATERIALS_COORDINATOR,CREATEDR,WAPPR
ODN2,OOG_MATERIALS_COORDINATOR_YARD,CREATEDR,INSERT
ODN2,OOG_MATERIALS_COORDINATOR_YARD,CREATEDR,SAVE
ODN2,OOG_MATERIALS_COORDINATOR_YARD,CREATEDR,APPR
ODN2,OOG_MATERIALS_COORDINATOR_YARD,CREATEDR,CANCEL
ODN2,OOG_MATERIALS_COORDINATOR_YARD,CREATEDR,WAPPR
ODN2,OOG_MATERIALS_COORDINATOR_YARD,PLUSGPO,SAVE
ODN2,OOG_MATERIALS_COORDINATOR_YARD,PLUSGPR,INSERT
ODN2,OOG_MATERIALS_COORDINATOR_YARD,PLUSGPR,SAVE
ODN2,HTQ_MATERIALS_COORDINATOR,PLUSGPR,SAVE
ODN2,HTQ_MATERIALS_COORDINATOR,PLUSGPR,INSERT
ODN2,HTQ_MATERIALS_COORDINATOR,PLUSGPO,SAVE
ODN2,HTQ_MATERIALS_COORDINATOR,CREATEDR,SAVE
ODN2,HTQ_MATERIALS_COORDINATOR,CREATEDR,INSERT
ODN2,HTQ_MATERIALS_COORDINATOR,PLUSGPO,APPROVE
ODN2,HTQ_MATERIALS_COORDINATOR,PLUSGPO,CANCEL
ODN2,HTQ_MATERIALS_COORDINATOR,PLUSGPO,INSERT
ODN2,HTQ_MATERIALS_COORDINATOR,CREATEDR,WAPPR
ODN2,HTQ_MATERIALS_COORDINATOR,CREATEDR,CANCEL
ODN2,HTQ_MATERIALS_COORDINATOR,CREATEDR,APPR
ODN2,HTQ_MATERIALS_COORDINATOR,PLUSGPR,CANCEL
ODN2,OOG_ASSET_ENGINEER,PLUSGPR,SAVE
ODN2,FetchAll:,88,rows fetched.
ODN2,>,,
